11:24:49,662,0.62,30.296604,-97.735510
11:24:51,734,0.62,30.296604,-97.735510
11:24:53,808,0.62,30.296604,-97.735510
11:24:55,884,0.62,30.296604,-97.735510
11:24:57,964,0.62,30.296660,-97.735556
11:25:00,50,0.62,30.296656,-97.735548
11:25:02,112,14033.86,30.296643,-97.735526
11:25:04,185,0.62,30.296637,-97.735498
11:25:06,259,0.62,30.296637,-97.735498
11:25:08,337,0.62,30.296637,-97.735498
11:25:10,413,0.62,30.296637,-97.735498
11:25:12,491,0.62,30.296646,-97.735542
11:25:14,565,0.62,30.296649,-97.735552
11:25:16,646,0.62,30.296649,-97.735552
11:25:18,725,0.62,30.296649,-97.735552
11:25:20,800,0.62,30.296649,-97.735552
11:25:22,884,0.62,30.296643,-97.735550
11:25:24,957,0.62,30.296642,-97.735547
11:25:27,31,0.62,30.296642,-97.735547
11:25:29,116,0.62,30.296642,-97.735547
11:25:31,191,0.62,30.296642,-97.735547
11:25:33,268,0.62,30.296640,-97.735545
11:25:35,338,0.62,30.296640,-97.735545
11:25:37,412,0.62,30.296640,-97.735545
11:25:39,488,0.62,30.296640,-97.735545
11:25:41,565,0.62,30.296640,-97.735545
11:25:43,636,0.62,30.296655,-97.735550
11:25:45,715,0.62,30.296657,-97.735551
11:25:47,789,0.62,30.296657,-97.735551
11:25:49,881,0.62,30.296657,-97.735551
11:25:51,963,0.62,30.296657,-97.735551
11:25:54,26,0.62,30.296637,-97.735516
11:25:56,107,0.62,30.296633,-97.735511
11:25:58,190,0.62,30.296633,-97.735511
11:26:00,264,0.62,30.296633,-97.735511
11:26:02,336,0.62,30.296633,-97.735511
11:26:04,416,0.62,30.296633,-97.735503
11:26:06,494,0.62,30.296634,-97.735504
11:26:08,569,0.62,30.296634,-97.735504
11:26:10,647,0.62,30.296634,-97.735504
11:26:12,723,0.62,30.296634,-97.735504
11:26:14,799,0.62,30.296635,-97.735504
11:26:16,877,0.62,30.296635,-97.735505
11:26:18,967,0.62,30.296635,-97.735505
11:26:21,76,14001.45,30.296635,-97.735505
11:26:23,457,5852.62,30.296635,-97.735505
11:26:25,529,0.62,30.296637,-97.735505
11:26:27,609,0.62,30.296637,-97.735505
11:26:29,686,0.62,30.296637,-97.735505
11:26:31,764,0.62,30.296637,-97.735505
11:26:33,838,0.62,30.296637,-97.735505
11:26:35,913,0.62,30.296637,-97.735505
11:26:37,989,0.62,30.296637,-97.735505
11:26:40,70,0.62,30.296637,-97.735505
11:26:42,145,0.62,30.296637,-97.735505
11:26:44,220,0.62,30.296637,-97.735505
11:26:46,301,0.62,30.296627,-97.735503
11:26:48,882,1622.45,30.296626,-97.735503
11:26:50,951,0.62,30.296626,-97.735503
11:26:53,31,0.62,30.296626,-97.735503
11:26:55,110,0.62,30.296626,-97.735503
11:26:57,188,0.62,30.296606,-97.735521
11:26:59,258,0.62,30.296604,-97.735523
11:27:01,337,0.62,30.296604,-97.735523
11:27:03,408,0.62,30.296604,-97.735523
11:27:05,492,0.62,30.296604,-97.735523
11:27:07,569,0.62,30.296615,-97.735565
11:27:09,648,0.62,30.296608,-97.735573
11:27:11,721,0.62,30.296608,-97.735573
11:27:13,794,0.62,30.296608,-97.735573
11:27:15,872,0.62,30.296608,-97.735573
11:27:17,947,0.62,30.296608,-97.735562
11:27:20,21,0.62,30.296608,-97.735558
11:27:22,97,0.62,30.296608,-97.735556
11:27:24,179,0.62,30.296608,-97.735556
11:27:26,257,0.62,30.296608,-97.735556
11:27:28,336,0.62,30.296608,-97.735556
11:27:30,412,0.62,30.296606,-97.735558
11:27:32,907,51472.47,30.296605,-97.735559
11:27:34,983,0.62,30.296605,-97.735559
11:27:37,652,5785.71,30.296605,-97.735559
11:27:39,723,0.62,30.296605,-97.735559
11:27:42,109,9839.25,30.296596,-97.735534
11:27:44,145,13832.60,30.296594,-97.735530
11:27:46,251,3558.24,30.296594,-97.735530
11:27:48,397,9422.54,30.296594,-97.735530
11:27:50,475,0.62,30.296594,-97.735530
11:27:52,555,0.62,30.296542,-97.735525
11:27:54,631,0.62,30.296535,-97.735525
11:27:56,764,0.62,30.296535,-97.735525
11:27:58,841,0.62,30.296535,-97.735525
11:28:01,487,5158.23,30.296535,-97.735525
11:28:03,570,23287.32,30.296642,-97.735537
11:28:05,866,6153.89,30.296660,-97.735539
11:28:07,942,0.62,30.296666,-97.735539
11:28:10,15,0.62,30.296666,-97.735539
11:28:12,156,4515.41,30.296666,-97.735539
11:28:14,713,3768.94,30.296666,-97.735539
11:28:16,822,7333.98,30.296686,-97.735620
11:28:18,849,6269.17,30.296686,-97.735632
11:28:20,873,4135.80,30.296685,-97.735635
11:28:22,975,5245.35,30.296685,-97.735635
11:28:25,356,2688.65,30.296685,-97.735635
11:28:27,578,16558.14,30.296685,-97.735635
11:28:30,236,67395.36,30.296649,-97.735626
11:28:32,771,35147.83,30.296643,-97.735622
11:28:34,843,0.62,30.296643,-97.735622
11:28:36,919,0.62,30.296643,-97.735622
11:28:38,992,0.62,30.296643,-97.735622
11:28:41,74,0.62,30.296660,-97.735632
11:28:43,759,812.92,30.296664,-97.735634
11:28:45,780,2281.48,30.296665,-97.735635
11:28:47,855,0.62,30.296665,-97.735635
11:28:50,301,1106.93,30.296664,-97.735634
11:28:52,405,0.62,30.296664,-97.735634
11:28:54,478,2238.74,30.296682,-97.735653
11:28:56,556,0.62,30.296726,-97.735675
11:28:58,629,0.62,30.296793,-97.735760
11:28:58,712,0.62,30.296849,-97.735781
11:29:02,789,0.62,30.296871,-97.735769
11:29:05,388,5463.57,30.296893,-97.735752
11:42:03,578,7744.91,30.288808,-97.737772
11:42:08,10,0.62,30.288808,-97.737772
11:42:10,86,0.62,30.288772,-97.737740
11:42:12,165,0.62,30.288765,-97.737774
11:42:14,247,0.62,30.288764,-97.737794
11:42:16,318,0.62,30.288765,-97.737804
11:42:18,394,0.62,30.288765,-97.737804
11:42:21,44,15898.70,30.288765,-97.737804
11:42:23,94,0.62,30.288798,-97.737721
11:42:25,168,0.62,30.288805,-97.737704
11:42:27,330,75315.32,30.288807,-97.737697
11:42:29,404,0.62,30.288807,-97.737697
11:42:31,489,0.62,30.288807,-97.737697
11:42:33,552,0.62,30.288807,-97.737697
11:42:35,627,0.62,30.288807,-97.737697
11:42:37,713,0.62,30.288782,-97.737739
11:42:39,787,0.62,30.288777,-97.737747
11:42:41,865,0.62,30.288776,-97.737750
11:42:43,919,17472.01,30.288776,-97.737750
11:42:46,87,1205.06,30.288777,-97.737749
11:42:48,639,4125.25,30.288777,-97.737749
11:42:50,714,0.62,30.288777,-97.737749
11:42:52,786,0.62,30.288777,-97.737749
11:42:54,861,0.62,30.288765,-97.737718
11:42:56,941,0.62,30.288763,-97.737713
11:42:59,14,0.62,30.288763,-97.737711
11:43:01,99,0.62,30.288763,-97.737712
11:43:03,185,0.62,30.288763,-97.737714
11:43:05,245,0.62,30.288764,-97.737715
11:43:07,328,0.62,30.288764,-97.737715
11:43:09,400,0.62,30.288764,-97.737715
11:43:11,480,0.62,30.288764,-97.737715
11:43:13,553,0.62,30.288764,-97.737715
11:43:15,635,0.62,30.288758,-97.737709
11:43:17,706,0.62,30.288757,-97.737708
11:43:19,783,0.62,30.288757,-97.737707
11:43:21,859,0.62,30.288757,-97.737707
11:43:23,933,0.62,30.288757,-97.737707
11:43:26,13,0.62,30.288763,-97.737721
11:43:28,416,13653.48,30.288765,-97.737724
11:43:31,67,7949.86,30.288765,-97.737726
11:43:33,452,62502.77,30.288765,-97.737726
11:43:35,584,0.62,30.288765,-97.737726
11:43:37,770,0.62,30.288765,-97.737726
11:43:39,797,32302.51,30.288765,-97.737726
11:43:41,870,0.62,30.288764,-97.737746
11:43:44,72,0.62,30.288765,-97.737750
11:43:46,145,0.62,30.288762,-97.737744
11:43:48,224,0.62,30.288762,-97.737744
11:43:50,269,1110.69,30.288762,-97.737744
11:43:52,562,2951.45,30.288762,-97.737744
11:43:55,132,5695.41,30.288761,-97.737739
11:43:57,701,5819.84,30.288761,-97.737738
11:43:59,776,0.62,30.288761,-97.737737
11:44:01,846,0.62,30.288761,-97.737737
11:44:04,365,41.91,30.288761,-97.737737
11:44:06,438,0.62,30.288761,-97.737737
11:44:08,515,0.62,30.288768,-97.737745
11:44:10,890,14867.29,30.288769,-97.737746
11:44:13,295,4605.02,30.288769,-97.737747
11:44:15,548,4293.54,30.288769,-97.737747
11:44:17,626,0.62,30.288769,-97.737747
11:44:19,781,8499.20,30.288769,-97.737747
11:44:21,851,0.62,30.288775,-97.737733
11:44:23,928,0.62,30.288775,-97.737731
11:44:26,5,0.62,30.288775,-97.737730
11:44:28,81,0.62,30.288775,-97.737730
11:44:30,161,0.62,30.288775,-97.737730
11:44:32,649,54.74,30.288770,-97.737721
11:44:34,719,0.62,30.288770,-97.737721
11:44:36,800,0.62,30.288770,-97.737721
11:44:38,909,0.62,30.288768,-97.737722
11:44:41,54,0.62,30.288768,-97.737722
11:44:43,129,0.62,30.288769,-97.737723
11:44:45,225,1454.23,30.288769,-97.737723
11:44:47,292,0.62,30.288769,-97.737723
11:44:49,369,0.62,30.288769,-97.737723
11:44:51,448,0.62,30.288769,-97.737723
11:45:10,734,0.62,30.288776,-97.737711
11:45:12,786,12239.66,30.288776,-97.737711
11:45:14,879,0.62,30.288776,-97.737711
11:45:16,937,0.62,30.288769,-97.737700
11:45:19,14,0.62,30.288769,-97.737700
11:47:01,355,0.62,30.288792,-97.737796
11:47:03,440,0.62,30.288792,-97.737796
11:47:05,510,0.62,30.288792,-97.737796
11:47:07,587,0.62,30.288792,-97.737796
11:47:10,194,893.35,30.288765,-97.737826
11:47:12,273,0.62,30.288756,-97.737835
11:47:14,350,0.62,30.288754,-97.737836
11:47:16,422,0.62,30.288754,-97.737836
11:47:18,502,0.62,30.288754,-97.737836
11:47:20,580,0.62,30.288754,-97.737836
11:47:22,653,0.62,30.288773,-97.737789
11:47:24,733,0.62,30.288777,-97.737780
11:47:26,805,0.62,30.288778,-97.737777
11:47:28,881,0.62,30.288778,-97.737777
11:47:30,962,0.62,30.288778,-97.737777
11:47:33,43,0.62,30.288778,-97.737777
11:47:35,275,0.62,30.288769,-97.737779
11:47:37,467,746.04,30.288767,-97.737781
11:47:39,971,43724.38,30.288767,-97.737781
11:47:42,61,0.62,30.288767,-97.737781
11:47:44,141,0.62,30.288767,-97.737781
11:47:46,215,0.62,30.288767,-97.737781
11:47:48,674,13575.80,30.288772,-97.737760
11:47:50,746,0.62,30.288774,-97.737756
11:47:52,900,9368.01,30.288774,-97.737756
11:47:55,428,783.88,30.288774,-97.737756
11:47:57,518,0.62,30.288774,-97.737756
11:47:59,597,0.62,30.288774,-97.737756
11:48:01,673,0.62,30.288776,-97.737761
11:48:03,764,1702.80,30.288776,-97.737762
11:48:05,839,0.62,30.288776,-97.737763
11:48:07,926,0.62,30.288776,-97.737763
11:48:10,93,30237.57,30.288776,-97.737763
11:48:12,165,0.62,30.288776,-97.737763
11:48:14,248,0.62,30.288778,-97.737767
11:48:16,685,11863.12,30.288779,-97.737768
11:48:18,707,781.85,30.288779,-97.737768
11:48:20,784,0.62,30.288779,-97.737768
11:48:23,241,2442.27,30.288779,-97.737768
11:48:25,319,0.62,30.288779,-97.737768
11:48:27,421,0.62,30.288778,-97.737768
11:48:29,853,43300.28,30.288778,-97.737768
11:48:31,929,0.62,30.288778,-97.737768
11:48:34,144,28969.77,30.288778,-97.737768
11:48:36,220,0.62,30.288778,-97.737768
11:48:38,446,14766.15,30.288778,-97.737768
11:48:40,945,9097.65,30.288779,-97.737767
11:48:43,20,0.62,30.288780,-97.737767
11:48:45,98,0.62,30.288778,-97.737762
11:48:47,168,0.62,30.288778,-97.737762
11:48:49,249,0.62,30.288778,-97.737762
11:48:51,326,0.62,30.288778,-97.737762
11:48:53,400,0.62,30.288776,-97.737761
11:48:55,480,0.62,30.288776,-97.737761
11:48:57,557,0.62,30.288776,-97.737761
11:48:59,632,0.62,30.288776,-97.737761
11:49:01,710,0.62,30.288776,-97.737761
11:49:03,790,0.62,30.288776,-97.737761
11:49:05,867,0.62,30.288776,-97.737762
11:49:07,939,0.62,30.288776,-97.737762
11:49:10,15,0.62,30.288776,-97.737762
11:49:12,96,0.62,30.288776,-97.737762
11:49:14,176,0.62,30.288776,-97.737762
11:49:16,250,0.62,30.288780,-97.737766
11:49:18,327,0.62,30.288779,-97.737758
11:49:20,938,1546.69,30.288779,-97.737754
11:49:23,10,0.62,30.288779,-97.737752
11:49:25,83,0.62,30.288779,-97.737752
11:49:27,166,0.62,30.288779,-97.737752
11:49:29,245,0.62,30.288779,-97.737752
11:49:31,317,0.62,30.288773,-97.737736
11:49:33,399,0.62,30.288773,-97.737736
11:49:35,471,0.62,30.288773,-97.737736
11:49:37,551,0.62,30.288770,-97.737733
11:49:40,236,1707.79,30.288769,-97.737734
11:49:42,311,0.62,30.288769,-97.737734
11:49:44,389,0.62,30.288769,-97.737734
11:49:46,469,0.62,30.288770,-97.737735
11:49:48,542,0.62,30.288770,-97.737734
11:49:50,622,0.62,30.288770,-97.737733
11:49:52,699,0.62,30.288770,-97.737733
11:49:54,770,0.62,30.288770,-97.737733
11:49:56,846,0.62,30.288770,-97.737733
11:49:58,928,0.62,30.288770,-97.737733
11:50:01,5,0.62,30.288767,-97.737755
11:50:03,79,0.62,30.288767,-97.737758
11:50:05,152,0.62,30.288767,-97.737759
11:50:07,232,0.62,30.288767,-97.737759
11:50:09,312,0.62,30.288767,-97.737759
11:50:11,389,0.62,30.288767,-97.737759
11:50:13,467,0.62,30.288766,-97.737748
11:50:15,547,0.62,30.288765,-97.737745
11:50:17,630,0.62,30.288765,-97.737744
11:50:19,695,0.62,30.288765,-97.737744
11:50:21,769,0.62,30.288765,-97.737744
11:50:23,853,0.62,30.288765,-97.737744
11:50:25,924,0.62,30.288763,-97.737738
11:50:28,3,0.62,30.288762,-97.737738
11:50:30,81,0.62,30.288762,-97.737738
11:50:32,157,0.62,30.288762,-97.737738
11:50:34,234,0.62,30.288762,-97.737738
11:50:36,313,0.62,30.288762,-97.737738
11:50:38,388,0.62,30.288764,-97.737744
11:50:40,466,0.62,30.288764,-97.737745
11:50:42,543,0.62,30.288765,-97.737745
11:50:44,735,1630.06,30.288765,-97.737745
11:50:46,813,0.62,30.288765,-97.737745
11:50:48,887,0.62,30.288765,-97.737745
11:50:50,963,0.62,30.288764,-97.737745
11:50:53,43,0.62,30.288764,-97.737745
11:50:55,123,0.62,30.288764,-97.737745
11:50:57,193,0.62,30.288764,-97.737745
11:50:59,277,0.62,30.288764,-97.737745
11:51:01,349,0.62,30.288764,-97.737744
11:51:03,428,0.62,30.288764,-97.737742
11:51:05,503,0.62,30.288763,-97.737736
11:51:07,582,0.62,30.288758,-97.737716
11:51:09,657,0.62,30.288758,-97.737716
11:51:11,734,0.62,30.288758,-97.737716
11:51:13,812,0.62,30.288758,-97.737716
11:51:15,887,0.62,30.288761,-97.737712
11:51:18,547,300.61,30.288762,-97.737713
11:51:20,624,0.62,30.288762,-97.737714
11:51:22,735,4732.71,30.288762,-97.737714
11:51:24,902,279.45,30.288762,-97.737714
11:51:26,980,0.62,30.288762,-97.737714
11:51:29,57,0.62,30.288764,-97.737718
11:51:31,129,0.62,30.288764,-97.737719
11:51:33,210,0.62,30.288764,-97.737719
11:51:35,287,0.62,30.288764,-97.737719
11:51:37,360,0.62,30.288764,-97.737719
11:51:39,437,0.62,30.288764,-97.737719
11:51:41,515,0.62,30.288770,-97.737752
11:51:43,592,0.62,30.288771,-97.737757
11:53:47,92,0.62,30.288807,-97.737784
11:53:57,546,1071.64,30.288807,-97.737784
11:54:07,830,1885.35,30.288756,-97.737763
11:54:18,36,649.26,30.288756,-97.737763
11:54:28,433,0.62,30.288768,-97.737747
11:54:38,660,96.59,30.288768,-97.737747
11:54:49,138,208.10,30.288774,-97.737744
11:54:59,501,1032.11,30.288774,-97.737744
11:55:09,879,0.62,30.288771,-97.737752
11:55:20,267,0.62,30.288771,-97.737752
11:55:30,460,838.49,30.288771,-97.737752
11:55:41,96,832.08,30.288771,-97.737752
11:55:51,191,435.66,30.288769,-97.737707
11:56:01,576,0.62,30.288769,-97.737707
11:56:11,995,0.62,30.288762,-97.737715
11:56:22,116,2453.08,30.288762,-97.737715
11:56:32,149,4873.33,30.288766,-97.737704
11:56:42,632,8979.98,30.288766,-97.737704
11:56:53,68,0.62,30.288765,-97.737701
11:57:03,263,3618.06,30.288765,-97.737701
11:57:13,499,7452.71,30.288758,-97.737701
11:57:23,886,0.62,30.288758,-97.737701
11:57:33,941,3845.23,30.288758,-97.737706
11:57:43,992,9645.26,30.288758,-97.737706
11:57:54,690,10087.85,30.288758,-97.737717
11:58:04,770,6023.36,30.288758,-97.737717
11:58:15,75,10205.57,30.288759,-97.737715
11:58:25,357,28283.15,30.288759,-97.737715
11:58:35,431,12463.64,30.288756,-97.737693
11:58:45,468,20764.41,30.288756,-97.737693
11:58:55,972,15143.89,30.288698,-97.737678
11:59:06,304,26428.11,30.288698,-97.737678
11:59:16,415,57816.20,30.288725,-97.737567
11:59:27,208,23965.91,30.288725,-97.737567
11:59:37,490,0.62,30.288664,-97.737494
11:59:47,997,20261.99,30.288664,-97.737494
11:59:58,625,7446.23,30.288577,-97.737589
12:00:09,94,10125.51,30.288566,-97.737446
12:00:19,481,3436.41,30.288566,-97.737446
12:00:29,987,262.01,30.288567,-97.737324
12:00:40,678,2074.19,30.288567,-97.737324
12:00:50,982,829.50,30.288476,-97.737352
12:01:01,17,2681.98,30.288476,-97.737352
12:01:11,474,3438.29,30.288434,-97.737059
12:01:21,648,464.73,30.288434,-97.737059
12:01:31,685,3450.41,30.288218,-97.736929
12:01:41,789,2567.00,30.288218,-97.736929
12:01:51,823,3376.82,30.287912,-97.736935
12:02:02,449,2540.93,30.287912,-97.736935
12:02:12,834,0.62,30.287960,-97.736880
12:02:23,246,1179.67,30.287960,-97.736880
12:02:33,284,10943.72,30.287723,-97.736994
12:02:43,779,4825.12,30.287672,-97.737065
12:02:53,882,1986.13,30.287672,-97.737065
12:03:03,901,971.60,30.287419,-97.737147
12:03:14,182,1163.84,30.287419,-97.737147
12:03:24,376,256.03,30.287064,-97.737257
12:03:34,707,408.35,30.286959,-97.737261
12:03:44,947,1451.05,30.286959,-97.737261
12:03:55,341,2807.31,30.286566,-97.737201
12:04:05,794,4808.43,30.286566,-97.737201
12:04:16,277,454.43,30.286289,-97.737199
12:04:26,356,93.91,30.286266,-97.737193
12:04:36,744,0.62,30.286266,-97.737193
12:04:46,764,9345.36,30.286220,-97.737172
12:04:56,792,5369.99,30.286220,-97.737172
12:05:07,10,7491.71,30.286153,-97.737170
12:05:17,307,5281.21,30.286153,-97.737170
12:05:27,893,6342.60,30.286180,-97.736988
12:05:38,132,3279.14,30.286180,-97.736988
12:05:48,696,7529.03,30.286206,-97.736903
12:05:58,850,3452.10,30.286206,-97.736903
12:06:09,180,6691.49,30.286249,-97.736761
12:06:19,743,345.94,30.286249,-97.736761
12:06:29,858,8444.96,30.286355,-97.736707
12:06:40,91,530.49,30.286355,-97.736707
12:06:50,261,2812.10,30.286355,-97.736707
12:07:00,728,136.67,30.286384,-97.736641
12:07:10,834,740.37,30.286384,-97.736641
12:07:21,160,4337.28,30.286569,-97.736626
12:07:31,508,14.68,30.286569,-97.736626
12:07:41,998,7591.79,30.286613,-97.736604
12:07:52,640,11347.17,30.286613,-97.736604
12:08:03,108,2331.13,30.286600,-97.736533
12:08:13,586,5665.56,30.286600,-97.736533
12:08:24,190,19564.13,30.286653,-97.736514
12:08:34,612,3693.75,30.286653,-97.736514
12:08:45,159,14998.72,30.286657,-97.736507
12:08:55,427,6480.80,30.286657,-97.736507
12:09:05,777,7285.65,30.286636,-97.736521
12:09:15,990,2155.68,30.286636,-97.736521
12:09:26,278,1070.44,30.286631,-97.736480
12:09:36,908,7457.30,30.286631,-97.736480
12:09:47,569,4135.76,30.286653,-97.736488
12:09:57,779,15012.47,30.286653,-97.736488
12:10:07,867,4674.33,30.286651,-97.736461
12:10:18,74,4125.98,30.286651,-97.736461
12:10:28,467,3123.01,30.286637,-97.736478
12:10:39,130,1626.91,30.286637,-97.736478
12:10:49,415,15426.13,30.286614,-97.736477
12:10:59,968,2505.40,30.286614,-97.736477
12:11:10,431,160.30,30.286606,-97.736505
12:11:20,805,5909.66,30.286606,-97.736505
12:11:31,280,3955.60,30.286638,-97.736489
12:11:41,634,3670.02,30.286638,-97.736489
12:11:51,819,996.56,30.286632,-97.736482
12:12:01,846,933.65,30.286632,-97.736482
12:12:12,139,2217.34,30.286626,-97.736497
12:12:22,619,2773.50,30.286626,-97.736497
12:12:32,960,3495.60,30.286612,-97.736480
12:12:43,647,5501.59,30.286612,-97.736480
12:12:53,957,5937.90,30.286615,-97.736466
12:13:04,72,4105.03,30.286615,-97.736466
12:13:14,596,1150.44,30.286614,-97.736491
12:13:25,208,11853.88,30.286614,-97.736491
12:13:35,323,14088.34,30.286652,-97.736476
12:13:45,506,18837.27,30.286652,-97.736476
12:13:56,105,4090.84,30.286637,-97.736523
12:14:06,667,1779.08,30.286637,-97.736523
12:14:17,92,321.28,30.286614,-97.736583
12:14:27,381,1071.54,30.286614,-97.736583
12:14:37,455,369.66,30.286579,-97.736607
12:14:47,816,9412.43,30.286579,-97.736607
12:14:58,327,6346.03,30.286584,-97.736589
12:15:08,888,7501.39,30.286584,-97.736589
12:15:18,903,2397.90,30.286543,-97.736537
12:15:29,289,625.77,30.286543,-97.736537
12:15:39,927,936.94,30.286526,-97.736482
12:15:50,202,1085.63,30.286526,-97.736481
12:16:00,598,0.62,30.286526,-97.736481
12:16:10,978,875.72,30.286538,-97.736508
12:16:21,540,351.10,30.286538,-97.736508
12:16:31,928,134.42,30.286852,-97.736275
12:16:42,307,0.62,30.286852,-97.736275
12:16:52,791,152.71,30.287011,-97.736236
12:17:02,992,392.28,30.287011,-97.736236
12:17:13,375,0.62,30.287160,-97.736369
12:17:23,760,0.62,30.287160,-97.736369
12:17:34,133,0.62,30.287432,-97.736553
12:17:44,759,206.04,30.287432,-97.736553
12:17:55,138,0.62,30.287346,-97.736892
12:18:05,522,0.62,30.287346,-97.736892
12:18:16,7,554.42,30.287413,-97.736975
12:18:26,694,939.69,30.287413,-97.736975
12:18:37,75,0.62,30.287514,-97.737230
12:18:47,460,0.62,30.287514,-97.737230
12:18:57,844,0.62,30.287711,-97.737374
12:19:07,990,225.94,30.287711,-97.737374
12:19:18,317,1702.49,30.288028,-97.737622
12:19:28,523,1074.93,30.288028,-97.737622
12:19:38,905,0.62,30.288043,-97.737643
12:19:49,293,0.62,30.288043,-97.737643
12:19:59,985,562.14,30.288211,-97.737659
12:20:10,597,91.92,30.288218,-97.737660
12:20:21,54,3632.49,30.288405,-97.737733
12:20:31,448,11597.83,30.288405,-97.737733
12:20:41,518,2630.06,30.288497,-97.737796
12:20:52,53,11983.96,30.288497,-97.737796
12:21:02,382,3328.07,30.288641,-97.737817
12:21:12,899,9916.25,30.288641,-97.737817
12:21:23,527,6020.78,30.288690,-97.737789
12:21:33,975,1133.69,30.288690,-97.737789
12:21:44,220,1574.68,30.288696,-97.737776
12:21:54,356,1399.63,30.288696,-97.737776
12:22:04,569,9301.66,30.288780,-97.737768
12:22:14,643,1697.52,30.288780,-97.737768
12:22:25,262,617.94,30.288773,-97.737757
12:22:35,712,4875.83,30.288773,-97.737757
12:22:45,784,6143.39,30.288762,-97.737741
12:22:56,162,0.62,30.288762,-97.737741
12:23:06,545,0.62,30.288764,-97.737715
12:23:16,929,0.62,30.288764,-97.737715
12:23:27,314,0.62,30.288771,-97.737729
12:23:37,698,0.62,30.288771,-97.737729
12:23:48,81,0.62,30.288778,-97.737769
12:23:58,464,0.62,30.288778,-97.737769
12:24:08,847,0.62,30.288772,-97.737758
12:24:19,225,0.62,30.288772,-97.737758
12:24:29,607,0.62,30.288764,-97.737743
12:24:39,624,2156.74,30.288764,-97.737743
12:24:50,9,0.62,30.288753,-97.737675
12:25:00,495,309.84,30.288753,-97.737675
12:25:10,875,0.62,30.288747,-97.737700
12:25:21,225,47.92,30.288747,-97.737700
12:25:31,610,0.62,30.288765,-97.737747
12:25:41,995,0.62,30.288765,-97.737747
12:25:52,377,0.62,30.288767,-97.737770
12:26:02,577,290.48,30.288767,-97.737770
12:26:12,635,124.43,30.288778,-97.737766
12:26:23,22,0.62,30.288778,-97.737766
12:26:33,368,1030.03,30.288778,-97.737766
12:26:43,587,278.37,30.288778,-97.737766
12:26:53,965,0.62,30.288754,-97.737683
12:27:04,349,0.62,30.288754,-97.737683
12:27:14,730,0.62,30.288754,-97.737680
12:27:25,115,0.62,30.288754,-97.737680
12:27:35,496,0.62,30.288757,-97.737685
12:27:45,558,531.55,30.288757,-97.737685
12:27:55,931,0.62,30.288757,-97.737709
12:28:06,316,0.62,30.288757,-97.737709
12:28:16,702,0.62,30.288757,-97.737710
12:28:27,82,0.62,30.288757,-97.737710
12:28:37,463,0.62,30.288752,-97.737697
12:28:47,843,0.62,30.288752,-97.737697
12:28:58,244,314.60,30.288746,-97.737658
12:29:08,634,167.08,30.288746,-97.737658
12:29:19,20,0.62,30.288756,-97.737684
12:29:29,411,1223.76,30.288756,-97.737684
12:29:39,675,1436.51,30.288756,-97.737710
12:29:50,58,0.62,30.288756,-97.737710
12:30:00,606,644.69,30.288770,-97.737755
12:30:10,984,0.62,30.288770,-97.737755
12:30:21,179,1363.52,30.288769,-97.737758
12:30:31,242,2171.60,30.288769,-97.737758
12:30:41,620,0.62,30.288758,-97.737721
12:30:52,4,0.62,30.288758,-97.737721
12:31:02,402,0.62,30.288756,-97.737713
12:31:13,90,213.96,30.288756,-97.737713
12:31:23,471,0.62,30.288759,-97.737751
12:31:33,599,5233.79,30.288759,-97.737751
12:31:43,777,367.71,30.288759,-97.737749
12:31:54,165,0.62,30.288759,-97.737749
12:32:04,556,3797.68,30.288760,-97.737753
12:32:14,933,0.62,30.288760,-97.737753
12:32:25,336,0.62,30.288745,-97.737708
12:32:35,384,2435.73,30.288745,-97.737708
12:32:45,839,0.62,30.288748,-97.737739
12:32:56,219,0.62,30.288748,-97.737739
12:33:06,602,0.62,30.288748,-97.737739
12:33:16,930,893.17,30.288748,-97.737739
12:33:27,184,2674.44,30.288753,-97.737738
12:33:37,588,958.47,30.288753,-97.737738
12:33:47,879,24.70,30.288761,-97.737746
12:33:58,266,2881.35,30.288761,-97.737746
12:34:08,287,1083.59,30.288763,-97.737724
12:34:18,516,2077.49,30.288763,-97.737724
12:34:29,79,3383.41,30.288765,-97.737748
12:34:39,238,2223.89,30.288765,-97.737748
12:34:49,666,695.41,30.288754,-97.737728
12:35:00,48,0.62,30.288754,-97.737728
12:35:10,455,3344.78,30.288750,-97.737745
12:35:20,503,1878.63,30.288750,-97.737745
12:35:30,967,1458.44,30.288759,-97.737722
12:35:41,150,895.34,30.288759,-97.737722
12:35:51,587,0.62,30.288752,-97.737741
12:36:01,887,220.68,30.288752,-97.737741
12:36:12,155,3479.51,30.288771,-97.737728
12:36:22,818,1753.65,30.288771,-97.737728
12:36:33,418,1357.73,30.288764,-97.737695
12:36:43,451,5288.96,30.288764,-97.737695
12:36:53,818,2715.15,30.288764,-97.737695
12:37:04,343,2527.34,30.288764,-97.737695
12:37:14,710,0.62,30.288777,-97.737719
12:37:25,94,0.62,30.288777,-97.737719
12:37:35,535,1385.23,30.288777,-97.737720
12:37:45,960,4896.27,30.288777,-97.737720
12:37:56,161,726.55,30.288778,-97.737742
12:38:06,371,1704.20,30.288778,-97.737742
12:38:16,419,325.37,30.288773,-97.737745
12:38:26,915,0.62,30.288773,-97.737745
12:38:37,65,5213.39,30.288751,-97.737719
12:38:47,205,784.80,30.288751,-97.737719
12:38:57,393,2211.45,30.288752,-97.737716
12:39:08,57,1714.05,30.288752,-97.737716
12:39:18,465,1615.83,30.288746,-97.737707
12:39:28,558,2530.36,30.288746,-97.737707
12:39:38,908,2140.46,30.288742,-97.737709
12:39:48,944,2132.98,30.288742,-97.737709
12:39:58,968,1617.77,30.288747,-97.737735
12:40:09,48,358.08,30.288747,-97.737735
12:40:19,423,0.62,30.288755,-97.737751
12:40:29,816,0.62,30.288755,-97.737751
12:40:40,193,0.62,30.288766,-97.737760
12:40:50,574,0.62,30.288766,-97.737760
12:41:00,960,0.62,30.288777,-97.737768
12:41:11,341,0.62,30.288777,-97.737768
12:41:21,724,0.62,30.288770,-97.737728
12:41:32,108,0.62,30.288770,-97.737728
12:41:42,493,0.62,30.288763,-97.737691
12:41:53,154,136.67,30.288763,-97.737691
12:42:03,534,0.62,30.288755,-97.737692
12:42:13,918,0.62,30.288755,-97.737692
12:42:24,298,0.62,30.288770,-97.737718
12:42:34,679,107.14,30.288770,-97.737718
12:42:45,61,0.62,30.288765,-97.737721
12:42:55,445,0.62,30.288765,-97.737721
12:43:05,723,893.45,30.288768,-97.737703
12:43:16,108,0.62,30.288768,-97.737703
12:43:26,498,0.62,30.288777,-97.737744
12:43:36,873,0.62,30.288777,-97.737744
12:43:47,264,0.62,30.288764,-97.737727
12:43:57,652,0.62,30.288764,-97.737727
12:44:08,19,0.62,30.288771,-97.737729
12:44:18,406,0.62,30.288771,-97.737729
12:44:28,792,0.62,30.288764,-97.737718
12:44:39,167,0.62,30.288764,-97.737718
12:44:49,553,0.62,30.288759,-97.737686
12:44:59,936,0.62,30.288759,-97.737686
12:45:10,319,0.62,30.288752,-97.737678
12:45:20,372,751.35,30.288752,-97.737678
12:45:30,750,0.62,30.288754,-97.737727
12:45:41,134,0.62,30.288754,-97.737727
12:45:51,364,389.26,30.288757,-97.737731
12:46:01,749,0.62,30.288757,-97.737731
12:46:12,134,0.62,30.288765,-97.737746
12:46:22,514,0.62,30.288765,-97.737746
12:46:32,902,0.62,30.288779,-97.737765
12:46:43,427,309.38,30.288779,-97.737765
12:46:53,443,2767.34,30.288779,-97.737765
12:47:03,839,0.62,30.288779,-97.737765
12:47:14,207,0.62,30.288768,-97.737702
12:47:24,351,429.26,30.288768,-97.737702
12:47:34,729,0.62,30.288756,-97.737719
12:47:45,111,0.62,30.288756,-97.737719
12:47:55,491,0.62,30.288756,-97.737720
12:48:05,876,0.62,30.288756,-97.737720
12:48:16,260,0.62,30.288750,-97.737704
12:48:26,753,302.55,30.288750,-97.737704
12:48:37,133,0.62,30.288748,-97.737718
12:48:47,519,0.62,30.288748,-97.737718
12:48:57,900,0.62,30.288752,-97.737746
12:49:08,281,0.62,30.288752,-97.737746
12:49:18,662,0.62,30.288752,-97.737745
12:49:29,48,0.62,30.288752,-97.737745
12:49:39,430,0.62,30.288760,-97.737749
12:49:49,810,0.62,30.288760,-97.737749
12:50:00,192,0.62,30.288762,-97.737687
12:50:10,580,0.62,30.288762,-97.737687
12:50:20,967,0.62,30.288756,-97.737670
12:50:31,343,0.62,30.288756,-97.737670
12:50:41,731,0.62,30.288764,-97.737717
12:50:52,109,0.62,30.288764,-97.737717
12:51:02,494,0.62,30.288768,-97.737747
12:51:12,872,0.62,30.288768,-97.737747
12:51:23,257,0.62,30.288773,-97.737745
12:51:33,642,0.62,30.288773,-97.737745
12:51:44,26,0.62,30.288773,-97.737744
12:51:54,408,0.62,30.288773,-97.737744
12:52:04,790,0.62,30.288767,-97.737715
12:52:15,172,0.62,30.288767,-97.737715
12:52:25,557,0.62,30.288759,-97.737721
12:52:35,938,0.62,30.288759,-97.737721
12:52:45,966,258.11,30.288753,-97.737747
12:52:56,357,8.66,30.288753,-97.737747
12:53:06,727,0.62,30.288753,-97.737749
12:53:17,110,0.62,30.288753,-97.737749
12:53:27,496,0.62,30.288759,-97.737731
12:53:37,877,0.62,30.288759,-97.737731
12:53:48,569,391.67,30.288757,-97.737743
12:53:58,948,0.62,30.288757,-97.737743
12:54:09,330,0.62,30.288757,-97.737765
12:54:19,718,0.62,30.288757,-97.737765
12:54:30,97,0.62,30.288762,-97.737745
12:54:40,480,0.62,30.288762,-97.737745
12:54:50,861,0.62,30.288762,-97.737697
12:55:01,119,292.11,30.288762,-97.737697
12:55:11,497,0.62,30.288763,-97.737740
12:55:21,889,0.62,30.288763,-97.737740
12:55:32,269,0.62,30.288772,-97.737734
12:55:42,648,0.62,30.288772,-97.737734
12:55:53,29,0.62,30.288773,-97.737733
12:56:03,416,0.62,30.288773,-97.737733
12:56:13,597,3572.05,30.288766,-97.737689
12:56:23,983,0.62,30.288766,-97.737689
12:56:34,365,0.62,30.288768,-97.737694
12:56:44,994,290.92,30.288768,-97.737694
12:56:55,375,0.62,30.288777,-97.737736
12:57:05,757,0.62,30.288777,-97.737736
12:57:16,122,350.75,30.288776,-97.737738
12:57:26,503,0.62,30.288776,-97.737738
12:57:36,886,0.62,30.288769,-97.737724
12:57:47,271,0.62,30.288769,-97.737724
12:57:57,653,0.62,30.288766,-97.737692
12:58:08,212,855.50,30.288766,-97.737692
12:58:18,583,0.62,30.288759,-97.737678
12:58:28,971,0.62,30.288759,-97.737678
12:58:39,351,0.62,30.288753,-97.737701
12:58:49,735,0.62,30.288753,-97.737701
12:59:00,113,0.62,30.288745,-97.737696
12:59:10,496,0.62,30.288745,-97.737696
12:59:20,930,0.62,30.288752,-97.737709
12:59:31,313,0.62,30.288752,-97.737709
12:59:41,996,51.30,30.288752,-97.737694
12:59:52,379,0.62,30.288752,-97.737694
13:00:02,761,0.62,30.288752,-97.737692
13:00:13,145,0.62,30.288752,-97.737692
13:00:23,526,0.62,30.288746,-97.737687
13:00:33,913,0.62,30.288746,-97.737687
13:00:44,297,0.62,30.288752,-97.737718
13:00:54,676,0.62,30.288752,-97.737718
13:01:05,56,0.62,30.288762,-97.737723
13:01:15,434,0.62,30.288762,-97.737723
13:01:25,824,0.62,30.288768,-97.737719
13:01:36,205,0.62,30.288768,-97.737719
13:01:46,588,0.62,30.288768,-97.737696
13:01:56,972,0.62,30.288768,-97.737696
13:02:07,356,0.62,30.288762,-97.737698
13:02:17,745,0.62,30.288762,-97.737698
13:02:28,121,0.62,30.288764,-97.737744
13:02:38,432,109.83,30.288764,-97.737744
13:02:48,819,0.62,30.288752,-97.737727
13:02:59,191,0.62,30.288752,-97.737727
13:03:09,579,0.62,30.288741,-97.737702
13:03:19,681,296.09,30.288741,-97.737702
13:03:30,176,0.62,30.288764,-97.737731
13:03:40,563,0.62,30.288764,-97.737731
13:03:50,943,0.62,30.288766,-97.737731
13:04:01,325,0.62,30.288766,-97.737731
13:04:11,708,0.62,30.288767,-97.737752
13:04:22,86,0.62,30.288767,-97.737752
13:04:32,476,0.62,30.288767,-97.737753
13:04:42,813,66.83,30.288767,-97.737753
13:04:53,193,0.62,30.288750,-97.737701
13:05:03,364,1367.38,30.288750,-97.737701
13:05:13,890,670.89,30.288758,-97.737713
13:05:24,283,0.62,30.288758,-97.737713
13:05:34,556,1189.65,30.288764,-97.737748
13:05:44,604,196.66,30.288764,-97.737748
13:05:55,130,2322.60,30.288765,-97.737748
13:06:05,233,212.67,30.288765,-97.737748
13:06:15,607,0.62,30.288764,-97.737747
13:06:25,986,0.62,30.288764,-97.737747
13:06:36,374,0.62,30.288769,-97.737740
13:06:46,759,0.62,30.288769,-97.737740
13:06:57,11,883.35,30.288769,-97.737740
13:07:07,263,1145.52,30.288769,-97.737740
13:07:17,650,0.62,30.288764,-97.737704
13:07:28,35,0.62,30.288764,-97.737704
13:07:38,441,109.83,30.288762,-97.737722
13:07:48,818,0.62,30.288762,-97.737722
13:07:59,197,0.62,30.288763,-97.737723
13:08:09,588,0.62,30.288763,-97.737723
13:08:19,968,0.62,30.288761,-97.737711
13:08:30,346,0.62,30.288761,-97.737711
13:08:40,737,0.62,30.288758,-97.737709
13:08:51,120,0.62,30.288758,-97.737709
13:09:01,495,0.62,30.288769,-97.737699
13:09:11,549,141.94,30.288769,-97.737699
13:09:21,931,0.62,30.288774,-97.737736
13:09:32,320,0.62,30.288774,-97.737736
13:09:42,688,247.36,30.288764,-97.737716
13:09:53,70,0.62,30.288764,-97.737716
13:10:03,448,0.62,30.288768,-97.737722
13:10:13,846,0.62,30.288768,-97.737722
13:10:24,225,0.62,30.288768,-97.737732
13:10:34,493,60.78,30.288768,-97.737732
13:10:44,874,0.62,30.288751,-97.737723
13:10:55,250,0.62,30.288751,-97.737723
13:11:05,642,0.62,30.288755,-97.737738
13:11:16,26,0.62,30.288755,-97.737738
13:11:26,427,0.62,30.288779,-97.737770
13:11:36,793,0.62,30.288779,-97.737770
13:11:47,178,0.62,30.288779,-97.737768
13:11:57,554,0.62,30.288779,-97.737768
13:12:07,894,47.63,30.288764,-97.737693
13:12:18,273,0.62,30.288764,-97.737693
13:12:28,414,111.80,30.288766,-97.737696
13:12:38,798,0.62,30.288766,-97.737696
13:12:49,176,0.62,30.288772,-97.737709
13:12:59,555,0.62,30.288772,-97.737709
13:13:09,610,3733.12,30.288769,-97.737761
13:13:19,818,2131.55,30.288769,-97.737761
13:13:30,194,0.62,30.288762,-97.737754
13:13:40,496,2908.67,30.288762,-97.737754
13:13:50,878,0.62,30.288754,-97.737732
13:14:01,262,0.62,30.288754,-97.737732
13:14:11,648,0.62,30.288752,-97.737681
13:14:22,238,8749.68,30.288752,-97.737681
13:14:32,610,0.62,30.288752,-97.737706
13:14:43,1,0.62,30.288752,-97.737706
13:14:53,203,192.71,30.288757,-97.737733
13:15:03,448,432.81,30.288757,-97.737733
13:15:13,830,0.62,30.288750,-97.737722
13:15:24,212,0.62,30.288750,-97.737722
13:15:34,260,2456.64,30.288773,-97.737770
13:15:44,414,3152.33,30.288773,-97.737770
13:15:54,761,1143.96,30.288761,-97.737745
13:16:04,939,953.48,30.288761,-97.737745
13:16:15,311,0.62,30.288770,-97.737753
13:16:25,699,0.62,30.288770,-97.737753
13:16:36,82,0.62,30.288771,-97.737731
13:16:46,461,0.62,30.288771,-97.737731
13:16:56,977,3527.26,30.288767,-97.737723
13:17:07,443,0.62,30.288767,-97.737723
13:17:17,827,0.62,30.288738,-97.737713
13:17:27,860,1295.67,30.288738,-97.737713
13:17:38,244,0.62,30.288741,-97.737710
13:17:48,594,1110.06,30.288741,-97.737710
13:17:58,707,1199.12,30.288752,-97.737732
13:18:09,332,297.80,30.288752,-97.737732
13:18:19,853,916.13,30.288753,-97.737734
13:18:30,236,0.62,30.288753,-97.737734
13:18:40,613,0.62,30.288758,-97.737754
13:18:50,997,0.62,30.288758,-97.737754
13:19:01,382,0.62,30.288778,-97.737771
13:19:11,762,0.62,30.288778,-97.737771
13:19:22,149,0.62,30.288772,-97.737756
13:19:32,858,5241.54,30.288772,-97.737756
13:19:43,271,783.47,30.288768,-97.737739
13:19:53,761,2591.97,30.288768,-97.737739
13:20:03,963,1472.15,30.288766,-97.737748
13:20:14,263,1090.47,30.288766,-97.737748
13:20:24,699,169.08,30.288771,-97.737747
13:20:34,995,1872.43,30.288771,-97.737747
13:20:45,610,306.27,30.288771,-97.737747
13:20:55,991,0.62,30.288771,-97.737747
13:21:06,367,0.62,30.288772,-97.737743
13:21:16,727,676.72,30.288772,-97.737743
13:21:27,134,0.62,30.288754,-97.737728
13:21:37,514,0.62,30.288754,-97.737728
13:21:47,754,826.25,30.288751,-97.737746
13:21:58,139,0.62,30.288751,-97.737746
13:22:08,527,0.62,30.288749,-97.737773
13:22:18,914,0.62,30.288749,-97.737773
13:22:29,542,907.61,30.288746,-97.737772
13:22:39,926,0.62,30.288747,-97.737768
13:22:50,307,0.62,30.288747,-97.737768
13:23:00,855,317.81,30.288762,-97.737752
13:23:11,237,0.62,30.288762,-97.737752
13:23:21,284,2086.53,30.288771,-97.737732
13:23:31,420,3649.75,30.288771,-97.737732
13:23:41,875,2144.32,30.288770,-97.737733
13:23:52,257,0.62,30.288770,-97.737733
13:24:02,633,0.62,30.288770,-97.737710
13:24:12,672,1425.24,30.288770,-97.737710
13:24:23,66,0.62,30.288748,-97.737710
13:24:33,432,0.62,30.288748,-97.737710
13:24:43,811,0.62,30.288735,-97.737717
13:24:54,187,0.62,30.288735,-97.737717
13:25:04,306,1782.85,30.288747,-97.737703
13:25:14,873,4019.77,30.288747,-97.737703
13:25:25,258,0.62,30.288755,-97.737722
13:25:35,624,443.75,30.288755,-97.737722
13:25:46,3,0.62,30.288768,-97.737733
13:25:56,162,5960.85,30.288768,-97.737733
13:26:06,474,5011.71,30.288764,-97.737696
13:26:17,96,171.41,30.288764,-97.737696
13:26:27,476,0.62,30.288765,-97.737698
13:26:37,876,0.62,30.288765,-97.737698
13:26:48,525,37.80,30.288765,-97.737695
13:26:58,905,0.62,30.288765,-97.737695
13:27:09,283,0.62,30.288766,-97.737722
13:27:19,673,0.62,30.288766,-97.737722
13:27:30,86,1493.69,30.288753,-97.737714
13:27:40,274,1227.59,30.288753,-97.737714
13:27:50,795,0.62,30.288753,-97.737711
13:28:01,176,0.62,30.288753,-97.737711
13:28:11,351,1230.09,30.288775,-97.737738
13:28:21,729,0.62,30.288775,-97.737738
13:28:31,948,4227.28,30.288780,-97.737746
13:28:42,227,1826.97,30.288780,-97.737746
13:28:52,714,4780.05,30.288779,-97.737768
13:29:02,792,2557.60,30.288779,-97.737768
13:29:13,481,6729.33,30.288777,-97.737767
13:29:23,665,830.99,30.288777,-97.737767
13:29:34,164,3665.15,30.288771,-97.737769
13:29:44,619,2193.32,30.288771,-97.737769
13:29:54,769,2084.86,30.288761,-97.737748
13:30:05,146,0.62,30.288761,-97.737748
13:30:15,540,0.62,30.288778,-97.737765
13:30:26,67,405.87,30.288778,-97.737765
13:30:36,435,0.62,30.288778,-97.737787
13:30:46,822,0.62,30.288778,-97.737787
13:30:57,210,0.62,30.288770,-97.737796
13:31:07,585,0.62,30.288770,-97.737796
13:31:17,973,0.62,30.288767,-97.737770
13:31:28,361,0.62,30.288767,-97.737770
13:31:38,732,0.62,30.288766,-97.737743
13:31:49,124,0.62,30.288766,-97.737743
13:31:59,505,0.62,30.288780,-97.737751
13:32:09,885,0.62,30.288780,-97.737751
13:32:20,325,0.62,30.288790,-97.737790
13:32:30,576,2330.16,30.288790,-97.737790
13:32:40,856,1410.34,30.288782,-97.737781
13:32:51,235,0.62,30.288782,-97.737781
13:33:01,625,0.62,30.288774,-97.737771
13:33:11,994,0.62,30.288774,-97.737771
13:33:22,385,0.62,30.288776,-97.737778
13:33:32,554,148.69,30.288776,-97.737778
13:33:43,64,1620.39,30.288776,-97.737775
13:33:53,437,0.62,30.288776,-97.737775
13:34:03,828,0.62,30.288762,-97.737743
13:34:14,208,0.62,30.288762,-97.737743
13:34:24,593,0.62,30.288771,-97.737716
13:34:35,237,367.11,30.288771,-97.737716
13:34:45,624,303.41,30.288782,-97.737731
13:34:55,997,0.62,30.288782,-97.737731
13:35:06,25,168.60,30.288796,-97.737769
13:35:16,395,0.62,30.288796,-97.737769
13:35:26,788,0.62,30.288776,-97.737774
13:35:37,339,270.15,30.288776,-97.737774
13:35:47,718,0.62,30.288759,-97.737736
13:35:58,96,0.62,30.288759,-97.737736
13:36:08,480,0.62,30.288761,-97.737743
13:36:18,872,0.62,30.288761,-97.737743
13:36:29,272,0.62,30.288759,-97.737728
13:36:39,637,0.62,30.288759,-97.737728
13:36:50,21,0.62,30.288741,-97.737723
13:37:00,393,0.62,30.288741,-97.737723
13:37:10,846,73.97,30.288753,-97.737728
13:37:21,535,1369.20,30.288753,-97.737728
13:37:31,739,128.86,30.288753,-97.737726
13:37:42,107,0.62,30.288753,-97.737726
13:37:52,495,0.62,30.288763,-97.737728
13:38:02,595,33.07,30.288763,-97.737728
13:38:12,984,0.62,30.288770,-97.737739
13:38:23,452,0.62,30.288770,-97.737739
13:38:33,737,628.08,30.288771,-97.737762
13:38:44,403,229.14,30.288771,-97.737762
13:38:54,509,784.42,30.288778,-97.737746
13:39:05,176,317.96,30.288778,-97.737746
13:39:15,548,0.62,30.288769,-97.737723
13:39:25,920,466.18,30.288769,-97.737723
13:39:36,311,0.62,30.288772,-97.737728
13:39:46,700,0.62,30.288772,-97.737728
13:39:57,64,0.62,30.288771,-97.737727
13:40:07,450,0.62,30.288771,-97.737727
13:40:17,842,0.62,30.288763,-97.737712
13:40:28,148,201.35,30.288763,-97.737712
13:40:38,241,766.29,30.288750,-97.737719
13:40:48,629,0.62,30.288750,-97.737719
13:40:59,16,0.62,30.288761,-97.737755
13:41:09,393,0.62,30.288761,-97.737755
13:41:19,774,0.62,30.288764,-97.737762
13:41:30,153,0.62,30.288764,-97.737762
13:41:40,549,0.62,30.288766,-97.737770
13:41:50,919,0.62,30.288766,-97.737770
13:42:01,307,0.62,30.288765,-97.737722
13:42:11,757,0.62,30.288765,-97.737722
13:42:22,145,0.62,30.288758,-97.737729
13:42:32,534,0.62,30.288758,-97.737729
13:42:42,911,0.62,30.288757,-97.737719
13:42:53,297,0.62,30.288757,-97.737719
13:43:03,680,0.62,30.288764,-97.737735
13:43:13,758,898.82,30.288764,-97.737735
13:43:24,147,0.62,30.288765,-97.737712
13:43:34,525,0.62,30.288765,-97.737712
13:43:44,933,78.52,30.288764,-97.737717
13:43:55,328,0.62,30.288764,-97.737717
13:44:05,695,0.62,30.288765,-97.737718
13:44:16,80,0.62,30.288765,-97.737718
13:44:26,460,0.62,30.288765,-97.737742
13:44:36,815,114.40,30.288765,-97.737742
13:44:47,214,0.62,30.288769,-97.737739
13:44:57,594,610.82,30.288769,-97.737739
13:45:07,976,0.62,30.288767,-97.737736
13:45:18,370,0.62,30.288767,-97.737736
13:45:28,711,1503.78,30.288769,-97.737741
13:45:39,93,0.62,30.288769,-97.737741
13:45:49,465,0.62,30.288764,-97.737743
13:45:59,858,0.62,30.288764,-97.737743
13:46:10,103,4853.37,30.288767,-97.737746
13:46:20,254,980.50,30.288767,-97.737746
13:46:30,726,2098.30,30.288770,-97.737733
13:57:48,112,0.62,30.287282,-97.738036
13:57:58,491,0.62,30.287282,-97.738036
13:58:08,876,0.62,30.283620,-97.738112
13:58:19,260,0.62,30.283620,-97.738112
13:58:29,638,0.62,30.283595,-97.738146
13:58:40,32,0.62,30.283595,-97.738146
13:58:50,410,0.62,30.283606,-97.738174
13:59:00,556,44.02,30.283606,-97.738174
13:59:10,937,0.62,30.283606,-97.738174
13:59:21,318,0.62,30.283606,-97.738174
13:59:31,450,483.07,30.283588,-97.738139
13:59:41,576,1696.64,30.283588,-97.738139
13:59:51,919,478.89,30.283594,-97.738141
14:00:02,399,597.44,30.283594,-97.738141
14:00:12,470,4570.37,30.283596,-97.738136
14:00:23,152,2159.86,30.283596,-97.738136
14:00:33,532,0.62,30.283597,-97.738151
14:00:43,773,1062.71,30.283597,-97.738151
14:00:54,426,1119.35,30.283607,-97.738175
14:01:04,816,0.62,30.283607,-97.738175
14:01:15,191,0.62,30.283589,-97.738159
14:01:25,341,1025.19,30.283589,-97.738159
14:01:35,533,159.32,30.283584,-97.738141
14:01:45,912,0.62,30.283584,-97.738141
14:01:56,294,0.62,30.283594,-97.738165
14:02:06,672,0.62,30.283594,-97.738165
14:02:16,892,1889.85,30.283601,-97.738172
14:02:27,252,0.62,30.283601,-97.738172
14:02:37,657,0.62,30.283600,-97.738164
14:02:48,25,0.62,30.283600,-97.738164
14:02:58,418,0.62,30.283605,-97.738164
14:03:08,791,0.62,30.283605,-97.738164
14:03:19,66,201.35,30.283602,-97.738154
14:03:29,446,0.62,30.283602,-97.738154
14:03:39,832,0.62,30.283591,-97.738130
14:03:50,229,0.62,30.283591,-97.738130
14:04:00,619,0.62,30.283586,-97.738120
14:04:10,993,0.62,30.283586,-97.738120
14:04:21,611,291.80,30.283571,-97.738092
14:04:32,27,0.62,30.283571,-97.738092
14:04:42,363,0.62,30.283627,-97.738176
14:04:52,745,0.62,30.283627,-97.738176
14:05:03,134,0.62,30.283593,-97.738170
14:05:13,518,0.62,30.283593,-97.738170
14:05:23,919,0.62,30.283611,-97.738180
14:05:34,305,0.62,30.283611,-97.738180
14:05:44,759,189.60,30.283612,-97.738181
14:05:55,128,0.62,30.283612,-97.738181
14:06:05,189,2370.98,30.283611,-97.738181
14:06:15,795,4952.90,30.283611,-97.738181
14:06:26,246,7687.17,30.283603,-97.738168
14:06:36,632,0.62,30.283603,-97.738168
14:06:47,150,4512.45,30.283612,-97.738183
14:06:57,281,159.98,30.283612,-97.738183
14:07:07,432,797.04,30.283612,-97.738183
14:07:17,717,2053.52,30.283612,-97.738183
14:07:27,854,792.94,30.283609,-97.738171
14:07:38,192,1967.22,30.283609,-97.738171
14:07:48,787,676.56,30.283601,-97.738166
14:07:59,105,1494.16,30.283601,-97.738166
14:08:09,553,0.62,30.283614,-97.738172
14:08:19,699,1370.23,30.283614,-97.738172
14:08:30,133,2263.26,30.283613,-97.738183
14:08:40,514,0.62,30.283613,-97.738183
14:08:50,688,827.50,30.283607,-97.738162
14:09:00,988,288.60,30.283607,-97.738162
14:09:11,215,789.02,30.283607,-97.738162
14:09:21,260,1068.23,30.283607,-97.738162
14:09:31,646,0.62,30.283614,-97.738151
14:09:42,218,3085.58,30.283614,-97.738151
14:09:52,604,0.62,30.283614,-97.738150
14:10:02,990,1427.02,30.283614,-97.738150
14:10:13,213,300.76,30.283619,-97.738155
14:10:23,605,1027.18,30.283619,-97.738155
14:10:34,51,0.62,30.283613,-97.738153
14:10:44,85,501.07,30.283613,-97.738153
14:10:54,364,1187.42,30.283611,-97.738152
14:11:04,742,0.62,30.283611,-97.738152
14:11:14,966,1465.43,30.283602,-97.738139
14:11:25,343,0.62,30.283602,-97.738139
14:11:36,32,310.85,30.283599,-97.738141
14:11:46,235,2222.89,30.283599,-97.738141
14:11:56,608,0.62,30.283611,-97.738187
14:12:06,995,0.62,30.283611,-97.738187
14:12:17,514,2028.04,30.283608,-97.738177
14:12:27,894,0.62,30.283608,-97.738177
14:12:38,141,800.69,30.283608,-97.738176
14:12:48,524,0.62,30.283608,-97.738176
14:12:58,988,287.50,30.283613,-97.738170
14:13:09,187,807.90,30.283613,-97.738170
14:13:19,307,3473.81,30.283605,-97.738167
14:13:29,420,2871.34,30.283605,-97.738167
14:13:39,683,865.99,30.283607,-97.738175
14:13:50,102,4820.66,30.283607,-97.738175
14:14:00,250,886.92,30.283611,-97.738165
14:14:10,838,3765.13,30.283611,-97.738165
14:14:21,415,140.94,30.283610,-97.738180
14:14:31,787,0.62,30.283610,-97.738180
14:14:41,820,534.87,30.283608,-97.738174
14:14:52,316,38.82,30.283608,-97.738174
14:15:02,601,5104.57,30.283611,-97.738163
14:15:12,984,0.62,30.283611,-97.738163
14:15:23,367,0.62,30.283610,-97.738178
14:15:33,750,0.62,30.283610,-97.738178
14:15:44,129,0.62,30.283609,-97.738178
14:15:54,379,11.41,30.283609,-97.738178
14:16:04,762,0.62,30.283609,-97.738178
14:16:15,146,0.62,30.283609,-97.738178
14:16:25,513,80.81,30.283612,-97.738181
14:16:35,985,0.62,30.283612,-97.738181
14:16:46,368,0.62,30.283611,-97.738163
14:16:56,746,0.62,30.283611,-97.738163
14:17:07,127,0.62,30.283606,-97.738157
14:17:17,517,0.62,30.283606,-97.738157
14:17:27,894,0.62,30.283609,-97.738160
14:17:38,283,0.62,30.283609,-97.738160
14:17:48,666,0.62,30.283607,-97.738175
14:17:59,53,0.62,30.283607,-97.738175
14:18:09,160,1416.99,30.283609,-97.738179
14:18:19,548,0.62,30.283609,-97.738179
14:18:29,957,0.62,30.283609,-97.738180
14:18:40,351,0.62,30.283609,-97.738180
14:18:51,44,337.45,30.283612,-97.738182
14:19:01,427,0.62,30.283612,-97.738182
14:19:11,808,0.62,30.283608,-97.738174
14:19:22,7,216.70,30.283608,-97.738174
14:19:32,382,0.62,30.283609,-97.738160
14:19:42,775,0.62,30.283609,-97.738160
14:19:53,153,0.62,30.283607,-97.738147
14:20:03,532,0.62,30.283607,-97.738147
14:20:13,919,0.62,30.283607,-97.738147
14:20:24,303,0.62,30.283607,-97.738175
14:20:34,685,0.62,30.283607,-97.738175
14:20:45,64,0.62,30.283607,-97.738175
14:20:55,605,187.24,30.283607,-97.738175
14:21:06,248,1934.16,30.283609,-97.738180
14:21:16,630,0.62,30.283609,-97.738180
14:21:27,10,0.62,30.283609,-97.738164
14:21:37,396,0.62,30.283609,-97.738164
14:21:47,877,1618.51,30.283608,-97.738174
14:21:58,256,0.62,30.283608,-97.738174
14:22:08,561,556.92,30.283607,-97.738178
14:22:18,706,1960.37,30.283607,-97.738178
14:22:29,138,832.54,30.283608,-97.738184
14:22:39,623,2176.09,30.283608,-97.738184
14:22:50,2,0.62,30.283598,-97.738156
14:23:00,385,0.62,30.283598,-97.738156
14:23:10,763,0.62,30.283601,-97.738157
14:23:21,150,0.62,30.283601,-97.738157
14:23:31,531,0.62,30.283604,-97.738160
14:23:41,914,0.62,30.283604,-97.738160
14:23:52,299,0.62,30.283601,-97.738162
14:24:02,687,0.62,30.283601,-97.738162
14:24:13,65,0.62,30.283607,-97.738174
14:24:23,453,0.62,30.283607,-97.738174
14:24:33,835,0.62,30.283605,-97.738171
14:24:44,258,1412.00,30.283605,-97.738171
14:24:54,638,0.62,30.283608,-97.738183
14:25:05,332,2471.03,30.283608,-97.738183
14:25:15,705,0.62,30.283608,-97.738174
14:25:26,94,0.62,30.283608,-97.738174
14:25:36,481,269.91,30.283602,-97.738153
14:25:46,863,0.62,30.283602,-97.738153
14:25:57,242,0.62,30.283598,-97.738147
14:26:07,634,0.62,30.283598,-97.738147
14:26:18,17,0.62,30.283606,-97.738173
14:26:28,400,0.62,30.283606,-97.738173
14:26:38,783,0.62,30.283604,-97.738165
14:26:49,165,0.62,30.283604,-97.738165
14:26:59,539,0.62,30.283608,-97.738169
14:27:09,932,0.62,30.283608,-97.738169
14:27:20,315,0.62,30.283605,-97.738161
14:27:30,698,0.62,30.283605,-97.738161
14:27:41,72,0.62,30.283605,-97.738161
14:27:51,460,0.62,30.283605,-97.738161
14:28:02,365,0.62,30.283604,-97.738165
14:28:12,742,0.62,30.283604,-97.738165
14:28:23,130,0.62,30.283603,-97.738163
14:28:33,518,0.62,30.283603,-97.738163
14:28:43,762,501.63,30.283605,-97.738166
14:28:54,141,0.62,30.283605,-97.738166
14:29:04,523,0.62,30.283608,-97.738171
14:29:14,914,0.62,30.283608,-97.738171
14:29:25,294,0.62,30.283609,-97.738180
14:29:35,680,0.62,30.283609,-97.738180
14:29:46,62,0.62,30.283610,-97.738180
14:29:56,445,0.62,30.283610,-97.738180
14:30:06,828,0.62,30.283609,-97.738180
14:30:17,208,0.62,30.283609,-97.738180
14:30:27,595,0.62,30.283605,-97.738167
14:30:37,895,2240.69,30.283605,-97.738167
14:30:48,318,0.62,30.283606,-97.738155
14:30:58,353,2035.92,30.283606,-97.738155
14:31:08,738,0.62,30.283608,-97.738177
14:31:19,128,0.62,30.283608,-97.738177
14:31:29,274,1103.52,30.283612,-97.738182
14:31:39,653,0.62,30.283611,-97.738181
14:31:50,32,0.62,30.283611,-97.738181
14:32:00,410,0.62,30.283612,-97.738181
14:32:10,798,0.62,30.283612,-97.738181
14:32:21,178,0.62,30.283601,-97.738160
14:32:31,598,0.62,30.283601,-97.738160
14:32:41,977,0.62,30.283605,-97.738160
14:32:52,270,1511.05,30.283605,-97.738160
14:33:02,649,0.62,30.283590,-97.738113
14:33:13,32,0.62,30.283590,-97.738113
14:33:23,412,0.62,30.283595,-97.738123
14:33:33,794,0.62,30.283595,-97.738123
14:33:44,180,0.62,30.283600,-97.738157
14:33:54,285,1913.69,30.283600,-97.738157
14:34:04,433,505.27,30.283607,-97.738172
14:34:14,883,0.62,30.283607,-97.738172
14:34:24,902,593.48,30.283610,-97.738174
14:34:35,288,0.62,30.283610,-97.738174
14:34:45,597,2253.40,30.283599,-97.738149
14:34:55,976,0.62,30.283599,-97.738149
14:35:06,359,0.62,30.283595,-97.738149
14:35:16,745,0.62,30.283595,-97.738149
14:35:27,127,0.62,30.283599,-97.738152
14:35:37,510,0.62,30.283599,-97.738152
14:35:48,98,243.99,30.283601,-97.738161
14:35:58,478,0.62,30.283601,-97.738161
14:36:08,860,0.62,30.283586,-97.738122
14:36:19,244,0.62,30.283586,-97.738122
14:36:29,627,0.62,30.283592,-97.738141
14:36:40,10,0.62,30.283592,-97.738141
14:36:50,393,0.62,30.283605,-97.738165
14:37:00,774,0.62,30.283605,-97.738165
14:37:11,156,0.62,30.283602,-97.738163
14:37:21,514,3520.22,30.283602,-97.738163
14:37:31,973,3103.67,30.283599,-97.738153
14:37:42,353,0.62,30.283599,-97.738153
14:37:52,733,0.62,30.283598,-97.738155
14:38:03,115,0.62,30.283598,-97.738155
14:38:13,133,985.47,30.283599,-97.738150
14:38:23,509,0.62,30.283599,-97.738150
14:38:33,988,3531.17,30.283601,-97.738154
14:38:44,345,2992.98,30.283601,-97.738154
14:38:54,729,0.62,30.283599,-97.738153
14:39:05,112,0.62,30.283599,-97.738153
14:39:15,678,0.62,30.283608,-97.738176
14:39:26,62,0.62,30.283608,-97.738176
14:39:36,440,0.62,30.283602,-97.738161
14:39:46,828,0.62,30.283602,-97.738161
14:39:57,212,0.62,30.283602,-97.738158
14:40:07,597,0.62,30.283602,-97.738158
14:40:17,979,0.62,30.283594,-97.738128
14:40:28,364,0.62,30.283594,-97.738128
14:40:38,610,1640.61,30.283593,-97.738138
14:40:48,991,0.62,30.283593,-97.738138
14:40:59,549,409.05,30.283592,-97.738148
14:41:09,928,0.62,30.283592,-97.738148
14:41:20,310,0.62,30.283589,-97.738134
14:41:30,694,0.62,30.283589,-97.738134
14:41:41,76,0.62,30.283602,-97.738161
14:41:51,459,0.62,30.283602,-97.738161
14:42:01,837,0.62,30.283602,-97.738161
14:42:12,4,1163.87,30.283602,-97.738161
14:42:22,382,0.62,30.283598,-97.738153
14:42:32,766,0.62,30.283598,-97.738153
14:42:43,144,0.62,30.283585,-97.738123
14:42:53,535,0.62,30.283585,-97.738123
14:43:03,918,0.62,30.283606,-97.738179
14:43:14,301,0.62,30.283606,-97.738179
14:43:24,684,0.62,30.283603,-97.738173
14:43:35,72,0.62,30.283603,-97.738173
14:43:45,450,0.62,30.283602,-97.738172
14:43:55,838,0.62,30.283602,-97.738172
14:44:06,174,91.01,30.283594,-97.738144
14:44:16,559,0.62,30.283594,-97.738144
14:44:27,135,886.93,30.283604,-97.738167
14:44:37,288,458.27,30.283604,-97.738167
14:44:47,667,0.62,30.283604,-97.738168
14:44:58,45,0.62,30.283604,-97.738168
14:45:08,435,0.62,30.283606,-97.738171
14:45:18,818,0.62,30.283606,-97.738171
14:45:29,194,0.62,30.283607,-97.738174
14:45:39,442,1540.42,30.283607,-97.738174
14:45:49,824,0.62,30.283605,-97.738164
14:46:00,122,3848.19,30.283605,-97.738164
14:46:10,497,0.62,30.283602,-97.738164
14:46:20,878,0.62,30.283602,-97.738164
14:46:31,259,0.62,30.283588,-97.738130
14:46:41,646,0.62,30.283588,-97.738130
14:46:52,31,0.62,30.283600,-97.738160
14:47:02,410,0.62,30.283600,-97.738160
14:47:12,798,0.62,30.283601,-97.738161
14:47:23,177,0.62,30.283601,-97.738161
14:47:33,564,0.62,30.283606,-97.738171
14:47:43,950,0.62,30.283606,-97.738171
14:47:54,333,0.62,30.283602,-97.738163
14:48:04,717,0.62,30.283602,-97.738163
14:48:15,93,0.62,30.283604,-97.738169
14:48:25,479,0.62,30.283604,-97.738169
14:48:35,857,466.62,30.283610,-97.738186
14:48:46,408,5926.16,30.283610,-97.738186
14:48:56,507,5078.36,30.283610,-97.738186
14:49:06,598,931.02,30.283610,-97.738186
14:49:16,742,1144.37,30.283604,-97.738163
14:49:26,860,2055.18,30.283604,-97.738163
14:49:36,891,3653.94,30.283604,-97.738147
14:49:47,160,8397.53,30.283604,-97.738147
14:49:57,484,5774.99,30.283597,-97.738117
14:50:07,528,6680.56,30.283597,-97.738117
14:50:17,999,11177.07,30.283729,-97.738077
14:50:28,62,658.46,30.283734,-97.738076
14:50:38,504,2086.34,30.283734,-97.738076
14:50:48,536,5727.71,30.283829,-97.738001
14:50:58,921,2260.32,30.283829,-97.738001
14:51:08,953,1435.25,30.284024,-97.737920
14:51:19,256,1413.01,30.284024,-97.737920
14:51:29,916,787.24,30.284152,-97.737793
14:51:40,228,11467.51,30.284152,-97.737793
14:51:50,268,22423.89,30.284152,-97.737793
14:52:00,406,17775.02,30.284369,-97.737499
14:52:10,980,5342.30,30.284369,-97.737499
14:52:21,315,415.38,30.284405,-97.737442
14:52:31,697,0.62,30.284405,-97.737442
14:52:42,78,0.62,30.284432,-97.737325
14:52:52,458,0.62,30.284432,-97.737325
14:53:02,842,0.62,30.284453,-97.737332
14:53:13,229,0.62,30.284453,-97.737332
14:53:23,419,114.79,30.284502,-97.737337
14:53:33,801,0.62,30.284502,-97.737337
14:53:44,186,0.62,30.284494,-97.737299
14:53:54,809,715.87,30.284494,-97.737299
14:54:04,923,2721.60,30.284792,-97.737319
14:54:15,482,242.74,30.284792,-97.737319
14:54:25,518,440.91,30.285178,-97.737367
14:54:35,708,164.80,30.285178,-97.737367
14:54:46,120,4279.50,30.285431,-97.737364
14:54:56,443,4073.62,30.285436,-97.737363
14:55:06,705,296.14,30.285436,-97.737363
14:55:17,85,619.66,30.285677,-97.737234
14:55:27,512,9097.61,30.285677,-97.737234
14:55:37,612,8313.32,30.285939,-97.737237
14:55:47,883,1838.63,30.285939,-97.737237
14:55:57,897,582.05,30.286139,-97.737213
14:56:07,982,1109.65,30.286139,-97.737213
14:56:18,332,914.74,30.286277,-97.737198
14:56:28,579,2466.49,30.286277,-97.737198
14:56:38,954,14.92,30.286313,-97.737222
14:56:49,399,795.28,30.286313,-97.737222
14:56:59,522,3472.67,30.286605,-97.737233
14:57:09,671,922.01,30.286605,-97.737233
14:57:20,100,374.16,30.287004,-97.737245
14:57:30,476,0.62,30.287004,-97.737245
14:57:40,700,351.03,30.287054,-97.737244
14:57:50,918,2221.00,30.287054,-97.737244
14:58:01,248,2041.18,30.287260,-97.737304
14:58:11,917,1497.97,30.287260,-97.737304
14:58:22,295,0.62,30.287465,-97.737204
14:58:32,802,860.94,30.287465,-97.737204
14:58:42,909,271.75,30.287849,-97.737518
14:58:52,993,1250.94,30.287849,-97.737518
14:59:03,551,1917.26,30.288084,-97.737677
14:59:13,740,2373.53,30.288084,-97.737677
14:59:24,59,1143.65,30.288244,-97.737625
14:59:34,321,4602.59,30.288244,-97.737625
14:59:44,449,2863.75,30.288365,-97.737686
14:59:54,972,11186.82,30.288365,-97.737686
15:00:05,586,11195.39,30.288500,-97.737812
15:00:15,652,11743.21,30.288500,-97.737812
15:00:26,111,9469.83,30.288625,-97.737858
15:00:36,172,8890.39,30.288625,-97.737858
15:00:46,856,6947.31,30.288628,-97.737776
15:00:56,955,13716.42,30.288699,-97.737744
15:01:07,5,6632.62,30.288699,-97.737744
15:01:17,642,10439.34,30.288766,-97.737734
15:01:28,172,4254.81,30.288766,-97.737734
15:01:38,574,3573.76,30.288752,-97.737648
15:01:48,767,2835.68,30.288752,-97.737648
15:01:59,168,0.62,30.288770,-97.737736
15:02:09,650,0.62,30.288770,-97.737736
15:02:20,32,0.62,30.288777,-97.737708
15:02:30,346,16403.46,30.288777,-97.737708
15:02:40,745,2168.76,30.288732,-97.737694
15:02:51,169,0.62,30.288732,-97.737694
15:03:01,726,584.27,30.288759,-97.737686
15:03:12,109,0.62,30.288759,-97.737686
15:03:22,761,2067.20,30.288769,-97.737677
15:03:33,151,0.62,30.288769,-97.737677
15:03:43,819,1414.46,30.288768,-97.737718
15:03:54,97,2763.27,30.288768,-97.737718
15:04:04,728,3431.71,30.288776,-97.737712
15:05:27,947,4304.48,30.288764,-97.737673
15:05:38,506,496.73,30.288764,-97.737673
15:05:48,758,1779.75,30.288688,-97.737682
15:05:59,113,3950.28,30.288688,-97.737682
15:06:09,789,1779.47,30.288751,-97.737728
15:06:20,12,3850.83,30.288751,-97.737728
15:06:30,670,4661.41,30.288772,-97.737756
15:06:41,189,3511.40,30.288772,-97.737756
15:06:51,783,3538.81,30.288773,-97.737756
15:07:02,196,2326.88,30.288773,-97.737756
15:07:12,228,3261.77,30.288765,-97.737738
15:07:22,756,4384.78,30.288765,-97.737738
15:07:32,771,3202.32,30.288766,-97.737742
15:07:42,858,4451.25,30.288766,-97.737742
15:07:53,296,4712.23,30.288759,-97.737727
15:08:03,411,11153.28,30.288759,-97.737727
15:08:13,457,3461.95,30.288756,-97.737722
15:08:23,818,2801.47,30.288756,-97.737722
15:08:34,55,2419.31,30.288748,-97.737671
15:08:44,300,674.38,30.288748,-97.737671
15:08:54,869,4200.15,30.288769,-97.737648
15:09:05,284,1251.69,30.288769,-97.737648
15:09:15,837,6548.31,30.288751,-97.737657
15:09:26,37,7355.67,30.288751,-97.737657
15:09:36,379,2340.53,30.288760,-97.737656
15:09:46,827,0.62,30.288760,-97.737656
15:09:57,73,3894.50,30.288761,-97.737702
15:10:07,580,3354.71,30.288761,-97.737702
15:10:17,640,712.17,30.288752,-97.737695
15:10:27,821,1831.11,30.288752,-97.737695
15:10:38,322,30358.39,30.288751,-97.737695
15:10:48,691,1210.24,30.288751,-97.737695
15:10:58,741,709.80,30.288758,-97.737681
15:11:09,121,0.62,30.288758,-97.737681
15:11:19,163,2532.53,30.288771,-97.737740
15:11:29,540,0.62,30.288771,-97.737740
15:11:39,852,29.60,30.288771,-97.737743
15:11:50,243,0.62,30.288771,-97.737743
15:12:00,645,0.62,30.288771,-97.737742
15:12:10,676,3350.52,30.288771,-97.737742
15:12:20,875,6502.85,30.288771,-97.737742
15:12:30,977,6496.92,30.288771,-97.737742
15:12:41,227,4322.33,30.288777,-97.737756
15:13:01,727,5140.20,30.288777,-97.737756
15:13:12,259,1193.08,30.288777,-97.737756
15:13:22,631,0.62,30.288760,-97.737748
15:13:33,21,0.62,30.288760,-97.737748
15:13:43,394,0.62,30.288767,-97.737760
15:13:53,787,0.62,30.288767,-97.737760
15:14:04,167,0.62,30.288765,-97.737752
15:14:14,547,0.62,30.288765,-97.737752
15:14:24,930,0.62,30.288764,-97.737753
15:14:35,312,0.62,30.288764,-97.737753
15:14:45,698,0.62,30.288748,-97.737729
15:14:56,81,0.62,30.288748,-97.737729
15:15:06,467,0.62,30.288758,-97.737742
15:15:16,848,0.62,30.288758,-97.737742
15:15:27,232,0.62,30.288754,-97.737737
15:15:37,613,0.62,30.288754,-97.737737
15:15:48,15,0.62,30.288751,-97.737711
15:15:58,398,0.62,30.288751,-97.737711
15:16:08,781,0.62,30.288760,-97.737725
15:16:19,168,0.62,30.288760,-97.737725
15:16:29,550,0.62,30.288762,-97.737702
15:16:39,577,1508.64,30.288762,-97.737702
15:16:49,952,0.62,30.288765,-97.737722
15:17:00,334,0.62,30.288765,-97.737722
15:17:10,723,0.62,30.288759,-97.737736
15:17:21,102,0.62,30.288759,-97.737736
15:17:31,488,0.62,30.288759,-97.737728
15:17:41,875,0.62,30.288759,-97.737728
15:17:52,22,292.10,30.288765,-97.737719
15:18:02,404,0.62,30.288765,-97.737719
15:18:12,787,0.62,30.288763,-97.737716
15:18:23,175,0.62,30.288763,-97.737716
15:18:33,555,0.62,30.288763,-97.737691
15:18:43,855,192.60,30.288763,-97.737691
15:18:53,988,179.98,30.288747,-97.737673
15:19:04,372,0.62,30.288747,-97.737673
15:19:14,981,669.18,30.288747,-97.737663
15:19:25,356,0.62,30.288747,-97.737663
15:19:35,739,0.62,30.288746,-97.737657
15:19:46,125,0.62,30.288746,-97.737657
15:19:56,206,628.90,30.288758,-97.737699
15:20:06,574,0.62,30.288758,-97.737699
15:20:16,952,0.62,30.288769,-97.737698
15:20:27,347,0.62,30.288769,-97.737698
15:20:37,722,0.62,30.288768,-97.737714
15:20:48,106,0.62,30.288768,-97.737714
15:20:58,489,0.62,30.288767,-97.737739
15:21:08,871,0.62,30.288767,-97.737739
15:21:19,254,0.62,30.288770,-97.737742
15:21:29,371,14.98,30.288770,-97.737742
15:21:39,748,0.62,30.288771,-97.737742
15:21:50,136,0.62,30.288771,-97.737742
15:22:00,519,0.62,30.288752,-97.737682
15:22:10,900,0.62,30.288752,-97.737682
15:22:21,286,0.62,30.288752,-97.737679
15:22:31,669,0.62,30.288752,-97.737679
15:22:42,52,0.62,30.288753,-97.737687
15:22:52,430,0.62,30.288753,-97.737687
15:23:02,903,126.14,30.288751,-97.737660
15:23:13,282,0.62,30.288751,-97.737660
15:23:23,665,0.62,30.288762,-97.737698
15:23:34,48,0.62,30.288762,-97.737698
15:23:44,434,0.62,30.288762,-97.737700
15:23:54,789,423.16,30.288762,-97.737700
15:24:05,167,0.62,30.288764,-97.737708
15:24:15,548,0.62,30.288764,-97.737708
15:24:25,884,300.72,30.288772,-97.737756
15:24:36,277,0.62,30.288772,-97.737756
15:24:46,499,990.27,30.288768,-97.737753
15:24:56,876,0.62,30.288768,-97.737753
15:25:06,985,102.83,30.288770,-97.737755
15:25:17,475,1472.35,30.288770,-97.737755
15:25:27,850,0.62,30.288771,-97.737734
15:25:38,230,0.62,30.288771,-97.737734
15:25:48,290,1490.65,30.288776,-97.737726
15:25:58,855,1558.07,30.288776,-97.737726
15:26:09,51,7729.27,30.288776,-97.737726
15:26:19,394,1222.81,30.288776,-97.737752
15:26:29,729,116.14,30.288776,-97.737754
15:27:30,462,0.62,30.288778,-97.737733
15:27:40,842,0.62,30.288778,-97.737733
15:27:51,224,0.62,30.288786,-97.737670
15:28:01,611,0.62,30.288786,-97.737670
15:28:11,993,0.62,30.288775,-97.737657
15:28:22,376,0.62,30.288775,-97.737657
15:28:32,756,0.62,30.288765,-97.737684
15:28:43,142,0.62,30.288765,-97.737684
15:28:53,525,0.62,30.288777,-97.737756
15:29:03,908,0.62,30.288777,-97.737756
15:29:14,291,0.62,30.288778,-97.737758
15:29:24,674,0.62,30.288778,-97.737758
15:29:35,53,0.62,30.288760,-97.737719
15:29:45,439,0.62,30.288760,-97.737719
15:29:55,819,0.62,30.288771,-97.737718
15:30:06,202,0.62,30.288771,-97.737718
15:30:16,589,0.62,30.288773,-97.737723
15:30:26,975,0.62,30.288773,-97.737723
15:30:37,353,0.62,30.288778,-97.737761
15:30:47,737,0.62,30.288778,-97.737761
15:30:58,123,0.62,30.288773,-97.737759
15:31:08,490,705.65,30.288773,-97.737759
15:31:18,925,206.97,30.288771,-97.737757
15:31:29,311,0.62,30.288771,-97.737757
15:31:39,696,0.62,30.288769,-97.737730
15:31:50,80,0.62,30.288769,-97.737730
15:32:00,456,0.62,30.288767,-97.737725
15:32:10,837,0.62,30.288767,-97.737725
15:32:21,224,0.62,30.288763,-97.737723
15:32:31,607,0.62,30.288763,-97.737723
15:32:41,986,0.62,30.288759,-97.737649
15:32:52,373,0.62,30.288759,-97.737649
15:33:02,756,0.62,30.288755,-97.737696
15:33:13,139,0.62,30.288755,-97.737696
15:33:23,521,0.62,30.288770,-97.737721
15:33:33,907,0.62,30.288770,-97.737721
15:33:44,287,0.62,30.288767,-97.737728
15:40:42,420,625.80,30.288787,-97.737712
15:40:52,871,154.84,30.288787,-97.737712
15:41:03,250,0.62,30.288776,-97.737611
15:41:13,634,0.62,30.288776,-97.737611
15:41:24,13,0.62,30.288750,-97.737651
15:41:34,399,0.62,30.288750,-97.737651
15:41:44,779,0.62,30.288764,-97.737730
15:41:55,354,5041.75,30.288764,-97.737730
15:42:05,432,15943.06,30.288771,-97.737754
15:42:15,566,4538.15,30.288771,-97.737754
15:42:26,8,4431.77,30.288756,-97.737752
15:42:36,393,0.62,30.288756,-97.737752
15:42:46,747,684.60,30.288708,-97.737838
15:42:57,142,2609.33,30.288706,-97.737841
15:43:07,177,6747.20,30.288706,-97.737841
15:43:17,184,6753.69,30.288709,-97.737941
15:43:27,641,6023.68,30.288709,-97.737941
15:43:37,745,3177.76,30.288610,-97.738366
15:43:47,938,1098.12,30.288610,-97.738366
15:43:58,105,10667.07,30.288602,-97.738433
15:44:08,761,5799.13,30.288602,-97.738433
15:44:19,223,1235.33,30.288568,-97.738782
15:44:29,502,4813.65,30.288568,-97.738782
15:44:39,651,2125.67,30.288630,-97.739025
15:44:50,333,15998.87,30.288633,-97.739028
15:45:00,481,9610.17,30.288633,-97.739028
15:45:10,854,19098.96,30.288814,-97.739187
15:45:21,462,3015.77,30.288814,-97.739187
15:45:31,563,2020.07,30.288981,-97.739198
15:45:41,946,8863.78,30.288981,-97.739198
15:45:52,67,8364.72,30.289140,-97.739228
15:46:02,670,4759.02,30.289140,-97.739228
15:46:12,824,2466.78,30.289237,-97.739242
15:46:23,494,5479.74,30.289237,-97.739242
15:46:34,17,3269.71,30.289268,-97.739255
15:46:44,604,1486.60,30.289268,-97.739255
15:46:54,724,8184.09,30.289271,-97.739259
15:47:05,230,1538.42,30.289271,-97.739259
15:47:15,429,5190.54,30.289275,-97.739235
15:47:25,705,2135.11,30.289275,-97.739234
15:47:35,741,8321.01,30.289275,-97.739234
15:47:45,903,15846.62,30.289232,-97.739280
15:47:56,298,6025.67,30.289230,-97.739282
15:48:06,680,0.62,30.289230,-97.739282
15:48:17,62,0.62,30.289111,-97.739260
15:48:27,633,93.11,30.289111,-97.739260
15:48:37,750,10866.52,30.288978,-97.739299
15:48:48,2,7695.04,30.288835,-97.739178
15:48:58,328,2778.98,30.288835,-97.739178
15:49:08,964,3749.20,30.288831,-97.739125
15:49:19,192,8595.74,30.288769,-97.739059
15:49:29,271,7473.31,30.288714,-97.738892
15:49:39,594,5502.92,30.288714,-97.738892
15:49:49,785,3360.69,30.288568,-97.738619
15:50:00,293,2332.98,30.288564,-97.738633
15:50:10,573,789.03,30.288564,-97.738633
15:50:20,873,2250.92,30.288627,-97.738230
15:50:30,983,1318.11,30.288627,-97.738230
15:50:41,455,6457.39,30.288700,-97.737997
15:50:51,607,9349.82,30.288702,-97.737995
15:51:01,670,5870.17,30.288702,-97.737995
15:51:12,57,7836.42,30.288746,-97.737813
15:51:22,591,1296.85,30.288746,-97.737813
15:51:32,650,808.27,30.288775,-97.737760
15:51:43,26,0.62,30.288775,-97.737760
15:51:53,416,0.62,30.288770,-97.737758
15:52:03,799,0.62,30.288770,-97.737758
15:52:14,177,0.62,30.288767,-97.737727
15:52:24,564,0.62,30.288767,-97.737727
15:52:34,948,0.62,30.288768,-97.737724
15:52:45,27,118.57,30.288768,-97.737724
15:52:55,405,0.62,30.288759,-97.737682
15:53:05,793,0.62,30.288759,-97.737682
15:53:16,173,0.62,30.288773,-97.737605
15:53:26,558,0.62,30.288773,-97.737605
15:53:36,942,0.62,30.288763,-97.737622
15:53:47,325,0.62,30.288763,-97.737622
15:53:57,707,0.62,30.288756,-97.737711
15:54:08,94,0.62,30.288756,-97.737711
15:54:18,477,0.62,30.288763,-97.737729
15:54:28,860,0.62,30.288763,-97.737729
15:54:39,243,0.62,30.288768,-97.737740
15:54:49,627,0.62,30.288768,-97.737740
15:55:00,100,79.44,30.288749,-97.737682
15:55:10,531,5281.35,30.288749,-97.737682
15:55:20,645,19773.53,30.288762,-97.737682
15:55:30,699,3840.74,30.288762,-97.737682
15:55:40,963,8003.97,30.288777,-97.737714
15:55:51,354,7270.73,30.288777,-97.737714
15:56:02,60,3017.02,30.288737,-97.737705
15:56:12,243,7457.56,30.288737,-97.737705
15:56:22,862,1076.12,30.288662,-97.737724
15:56:33,9,1810.26,30.288660,-97.737725
15:56:43,482,6406.20,30.288660,-97.737725
15:56:54,152,10454.45,30.288568,-97.737693
15:57:04,160,12832.55,30.288568,-97.737693
15:57:14,285,890.87,30.288568,-97.737693
15:57:24,437,6999.62,30.288568,-97.737693
15:57:34,597,6336.39,30.288568,-97.737693
15:57:44,891,7201.78,30.288568,-97.737693
15:57:55,422,24780.61,30.288358,-97.737464
15:58:06,8,17048.68,30.288229,-97.737047
15:58:16,296,5014.04,30.287917,-97.736976
15:58:26,599,32415.23,30.287829,-97.737014
15:58:36,657,2544.76,30.287794,-97.737028
15:58:47,164,38151.32,30.287794,-97.737028
15:58:57,689,1522.89,30.287826,-97.737060
15:59:08,16,4052.94,30.287820,-97.737057
15:59:18,690,57458.41,30.287820,-97.737057
15:59:28,883,7751.69,30.287623,-97.737139
15:59:39,216,4399.84,30.287623,-97.737139
15:59:49,639,2672.16,30.287168,-97.737234
16:00:00,0,4332.11,30.287154,-97.737236
16:00:10,108,3175.14,30.287154,-97.737236
16:00:20,239,12975.56,30.286984,-97.737064
16:00:30,872,57188.34,30.286984,-97.737064
16:00:41,142,232514.34,30.286849,-97.736850
16:00:51,643,13586.18,30.286849,-97.736850
16:01:01,685,31350.27,30.286721,-97.736822
16:01:12,18,5008.03,30.286721,-97.736822
16:01:22,93,3460.89,30.286709,-97.736820
16:01:32,275,15967.67,30.286709,-97.736820
16:01:42,994,140587.31,30.286633,-97.736753
16:01:53,194,11673.91,30.286633,-97.736753
16:02:03,807,6368.63,30.286541,-97.736731
16:02:14,145,11800.75,30.286541,-97.736731
16:02:24,329,3417.48,30.286546,-97.736730
16:02:34,857,8916.25,30.286546,-97.736730
16:02:45,388,5604.41,30.286553,-97.736734
16:02:55,419,2138.78,30.286553,-97.736734
16:03:05,868,3233.95,30.286561,-97.736713
16:03:16,97,2990.83,30.286561,-97.736713
16:03:26,700,2643.96,30.286529,-97.736738
16:03:37,36,7610.40,30.286529,-97.736738
16:03:47,681,2327.17,30.286539,-97.736761
16:03:58,248,612.91,30.286539,-97.736761
16:04:08,463,3585.96,30.286537,-97.736763
16:04:18,887,2503.02,30.286537,-97.736763
16:04:29,471,86.68,30.286523,-97.736744
16:04:39,719,1937.92,30.286523,-97.736744
16:04:50,339,5130.52,30.286531,-97.736742
16:05:00,722,0.62,30.286531,-97.736742
16:05:11,103,0.62,30.286518,-97.736739
16:05:21,250,2330.78,30.286518,-97.736739
16:05:31,627,0.62,30.286539,-97.736701
16:05:41,774,5677.84,30.286539,-97.736701
16:05:51,817,3333.12,30.286539,-97.736701
16:06:01,930,2125.47,30.286539,-97.736701
16:06:12,525,3627.21,30.286544,-97.736724
16:06:22,913,0.62,30.286544,-97.736724
16:06:33,3,1925.38,30.286539,-97.736707
16:06:43,539,2626.23,30.286539,-97.736707
16:06:53,626,1429.96,30.286532,-97.736702
16:07:03,686,14905.98,30.286532,-97.736702
16:07:13,800,753.30,30.286540,-97.736710
16:07:24,211,4484.79,30.286540,-97.736710
16:07:34,604,1726.13,30.286553,-97.736701
16:07:44,777,87438.36,30.286553,-97.736701
16:07:55,236,23465.87,30.286560,-97.736704
16:08:05,291,412.55,30.286560,-97.736704
16:08:15,506,4947.90,30.286526,-97.736678
16:08:26,40,18129.88,30.286526,-97.736678
16:08:36,75,37423.09,30.286522,-97.736702
16:08:46,306,5364.44,30.286522,-97.736702
16:08:56,518,8156.91,30.286531,-97.736730
16:09:06,703,4933.55,30.286531,-97.736730
16:09:16,818,2937.36,30.286529,-97.736739
16:09:26,942,6333.93,30.286529,-97.736739
16:09:37,285,5997.77,30.286537,-97.736733
16:09:47,687,7605.22,30.286537,-97.736733
16:09:58,20,5099.07,30.286509,-97.736750
16:10:08,554,8613.92,30.286509,-97.736750
16:10:18,968,8757.69,30.286517,-97.736749
16:10:52,390,95013.78,30.286517,-97.736749
16:11:03,92,19284.69,30.286517,-97.736749
16:11:13,411,1937.11,30.286500,-97.736773
16:11:23,708,3192.12,30.286500,-97.736773
16:11:33,778,3643.23,30.286510,-97.736750
16:11:43,946,2654.04,30.286510,-97.736750
16:11:54,388,0.62,30.286508,-97.736774
16:12:04,886,3503.28,30.286508,-97.736774
16:12:15,112,11481.06,30.286518,-97.736730
16:12:25,226,9435.00,30.286518,-97.736730
16:12:35,288,3408.42,30.286518,-97.736730
16:12:45,664,0.62,30.286518,-97.736730
16:12:56,51,0.62,30.286520,-97.736716
16:13:06,437,0.62,30.286520,-97.736716
16:13:16,818,0.62,30.286513,-97.736729
16:13:27,199,0.62,30.286513,-97.736729
16:13:37,586,0.62,30.286539,-97.736729
16:13:47,965,0.62,30.286539,-97.736729
16:13:58,348,0.62,30.286533,-97.736735
16:14:08,591,795.81,30.286533,-97.736735
16:14:18,966,0.62,30.286535,-97.736727
16:14:29,352,0.62,30.286535,-97.736727
16:14:39,730,0.62,30.286552,-97.736710
16:14:50,117,0.62,30.286552,-97.736710
16:15:00,503,0.62,30.286548,-97.736691
16:15:10,879,0.62,30.286548,-97.736691
16:15:21,279,0.62,30.286533,-97.736721
16:15:31,654,0.62,30.286533,-97.736721
16:15:42,40,0.62,30.286544,-97.736680
16:15:52,88,920.65,30.286544,-97.736680
16:16:02,259,9202.54,30.286517,-97.736735
16:16:12,642,0.62,30.286517,-97.736735
16:16:23,20,0.62,30.286502,-97.736740
16:16:33,408,0.62,30.286502,-97.736740
16:16:43,793,0.62,30.286520,-97.736706
16:16:54,171,0.62,30.286520,-97.736706
16:17:04,556,0.62,30.286507,-97.736751
16:17:15,194,32.14,30.286507,-97.736751
16:17:25,572,0.62,30.286531,-97.736726
16:17:35,956,0.62,30.286531,-97.736726
16:17:46,340,0.62,30.286519,-97.736723
16:17:56,723,0.62,30.286519,-97.736723
16:18:07,105,0.62,30.286516,-97.736767
16:18:17,497,0.62,30.286516,-97.736767
16:18:27,873,0.62,30.286527,-97.736768
16:18:38,260,0.62,30.286527,-97.736768
16:18:48,396,17408.21,30.286559,-97.736757
16:18:58,725,11666.83,30.286559,-97.736757
16:19:08,775,10952.76,30.286548,-97.736702
16:19:18,875,19620.67,30.286548,-97.736702
16:19:29,116,20177.19,30.286556,-97.736725
16:19:39,525,4839.43,30.286556,-97.736725
16:19:49,705,18330.06,30.286561,-97.736709
16:20:00,155,4907.39,30.286561,-97.736709
16:20:10,186,17058.25,30.286561,-97.736709
16:20:20,515,43163.70,30.286561,-97.736709
16:20:30,759,9328.78,30.286566,-97.736733
16:38:45,978,0.62,30.285574,-97.741688
16:38:56,361,0.62,30.285574,-97.741688
16:39:06,740,0.62,30.285744,-97.741728
